{
  "am":"Amharic",
  "hu": "Hungarian",
  "pt":"Portuguese",
  "ar":"Arabic",
  "is":"Icelandic",
  "ro":"Romanian",
  "hy":"Armenian",
  "in":"Indonesian",
  "ru":"Russian",
  "bn":"Bengali",
  "it":"Italian",
  "sr":"Serbian",
  "bg":"Bulgarian",
  "ja":"Japanese",
  "sd":"Sindhi",
  "my": "Burmese",
  "kn":"Kannada",
  "si":"Sinhala",
  "zh":"Chinese",
  "km":"Khmer",
  "sk":"Slovak",
  "cs":"Czech",
  "ko":"Korean",
  "sl":"Slovenian",
  "da":"Danish",
  "lo":"Lao",
  "ckb": "Sorani Kurdish",
  "nl":"Dutch",
  "lv":"Latvian",
  "es":"Spanish",
  "en":"English",
  "lt":"Lithuanian",
  "sv":"Swedish",
  "et":"Estonian",
  "ml":"Malayalam",
  "tl":"Tagalog",
  "fi":"Finnish",
  "dv":"Maldivian",
  "ta":"Tamil",
  "fr":"French",
  "mr":"Marathi",
  "te":"Telugu",
  "ka":"Georgian",
  "ne":"Nepali",
  "th":"Thai",
  "de":"German",
  "no":"Norwegian",
  "bo":"Tibetan",
  "el":"Greek",
  "or":"Oriya",
  "tr":"Turkish",
  "gu":"Gujarati",
  "pa":"Panjabi",
  "uk":"Ukrainian",
  "ht":"Haitian",
  "ps":"Pashto",
  "ur":"Urdu",
  "iw":"Hebrew",
  "fa":"Persian",
  "ug":"Uyghur",
  "hi":"Hindi",
  "pl":"Polish",
  "vi":"Vietnamese",
  "cy":"Welsh",
  "und": "undefined",
  "fil": "Filipino",
  "he": "Hebrew",
  "id": "Indonesian",
  "msa": "Malay",
  "eu": "Europe",
  "ca": "Canada",
  "zh-cn": "Chinese (Simplified)",
  "zh-tw": "Chinese (Traditional)"
}